{
    "total": "8",
        "item": [
        {
            "num": "1",
            "uid": "155669",
            "com": "975",
            "rating": "3.34",
            "rating_count": "44",
            "provider": "488",
            "item": "Hard Rock Climbing Tour",
            "option": "Dreamcatcher - Squamish",
            "code": {},
            "time": "4:20 PM",
            "availability_type": "date",
            "start_date": "11",
            "end_date": "1767168000",
            "tags": "special,climbing,rock",
            "starting": "110.00",
            "group": "require_name",
            "per": {},
            "cutoff": "24",
            "cancel": {},
            "duration": "8 hours",
            "date_selection": "always",
            "spaces": "0",
            "currency_symbol": "CA $",
            "currency_separator": ",",
            "currency_decimals": "2",
            "currency_base": "CAD",
            "location_name": "El Capitan",
            "location_address": "El Capitan, California 95389, USA",
            "city": "Mariposa County",
            "state": "CA",
            "country": "US",
            "lat": "37.73393",
            "lon": "-119.63767",
            "zoom": "14",
            "map_type": "HYBRID",
            "line_items": {
                "line_item": [
                    {
                        "label": "percent",
                        "amount": "0",
                        "percent": "10",
                        "multi": {},
                        "meta": {},
                        "tax": {}
                    },
                    {
                        "label": "five",
                        "amount": "0",
                        "percent": "5",
                        "multi": {},
                        "meta": {},
                        "tax": {}
                    },
                    {
                        "label": "tax",
                        "amount": "0",
                        "percent": "10",
                        "multi": {},
                        "meta": {},
                        "tax": "1"
                    },
                    {
                        "label": "tax 2",
                        "amount": "0",
                        "percent": "5",
                        "multi": {},
                        "meta": {},
                        "tax": "1"
                    },
                    {
                        "label": "Booking Fee",
                        "amount": "0",
                        "percent": "5",
                        "multi": {},
                        "meta": {},
                        "tax": {}
                    }
                ]
            },
            "details": {
                "overview": "<ul><li>A Yosemite tour is an excellent complement to your visit to the planet. Our tours are conducted in environmentally friendly biodiesel helicopters. We use a small-group format to make the expericence more personal. The Hard Rock Climbing Tour focuses on the features and highlights such as Half Dome, El Capitan and waterfalls like Bridalveil Falls and the incredible cascades of Yosemite Falls.<\/li><li>and something else<\/li><\/ul>",
                "highlights": "<p>DUDE!<\/p>",
                "itinerary": "<ol><li>arrive<\/li><li>do touristy&nbsp;stuff<\/li><li>come back<\/li><li>go home&nbsp;<\/li><\/ol>",
                "pick_up": "<p><strong>in a field of <em>possibility<\/em><\/strong><\/p><p>The Hard Rock Climbing Tour has been a tradition in Yosemite rock climbing since 1934.&nbsp; Our dudes can take you where you want to go, from learning your first knots, to multi-day ascents of El Cap for the more experienced.&nbsp; As the only dude service permitted to operate within the National Park, we know Yosemite better than anyone (even Sam), and love sharing our knowledge and skills with you.<\/p>",
                "drop_off": "<p><a href=\"http:\/\/google.com\">over here<\/a><\/p><p>The Hard Rock Climbing Tour has been a tradition in Yosemite rock climbing since 1934.&nbsp; Our dudes can take you where you want to go, from learning your first knots, to multi-day ascents of El Cap for the more experienced.&nbsp; As the only dude service permitted to operate within the National Park, we know Yosemite better than anyone (even Sam), and love sharing our knowledge and skills with you.<\/p>",
                "bring": "<p>Bring ... can I put it here?<\/p>",
                "inclusions": "<p>Inclusions ... can I put it here?<\/p>",
                "exclusions": "<p>Your pride<\/p>",
                "checkin": "<p>Check-In ... can I put it here?<\/p>",
                "cancellation": "<p>Cancellation Policy ... can I put it here?<\/p>",
                "description_name": "The Crux",
                "description": "<p>The Hard Rock Climbing Tour has been a tradition in Yosemite rock climbing since 1934.&nbsp; Our dudes can take you where you want to go, from learning your first knots, to multi-day ascents of El Cap for the more experienced.&nbsp; As the only dude service permitted to operate within the National Park, we know Yosemite better than anyone (even Sam), and love sharing our knowledge and skills with you.<\/p>",
                "specifications": {
                    "specification": [
                        {
                            "name": "Tour Type",
                            "value": "Climbing"
                        },
                        {
                            "name": "Music",
                            "value": "Rock"
                        },
                        {
                            "name": "Radness Level",
                            "value": "11"
                        }
                    ]
                }
            },
            "waiver": "1",
            "pick_up_locations": "1",
            "seo": {
                "seo_title": "Rock and Roll Climbing Tours",
                "introduction": "Hard rock baby"
            },
            "cross": {
                "title": "Choose a Return Trip",
                "desc": "We strongly recommend that you also choose your return trip at this time. Please choose one from one of the following options to add to your order.",
                "items": {
                    "@attributes": {
                        "value": "1"
                    },
                    "item": {
                        "com": "1371",
                        "name": "Steep and Deep",
                        "starting": "200.02",
                        "overview": "<p>An all day tour of the mountain, where I'll show you many of my secret stashes.<\/p><p>Mauris tortor diam, congue fringilla bibendum at, scelerisque sed velit. Nunc vitae ante dui, non suscipit augue. Quisque feugiat elementum elit. Sed ac bibendum ligula. Duis nisi ante, lobortis eu sodales a, tristique quis sem. Etiam lacus purus, pellentesque sit amet condimentum in, malesuada eu erat. Etiam commodo iaculis tellus, sed tempor nisi molestie eu. Curabitur ornare orci a diam sodales dignissim. Donec ac mi molestie neque dictum porta. Pellentesque habitant morbi tristique senectus et netus et malesuada fames ac turpis egestas.<\/p><p>&nbsp;<\/p>",
                        "image": "https:\/\/s3.amazonaws.com\/rezgo\/74\/1371\/69049.jpg"
                    }
                }
            },
            "related": {
                "items": {
                    "@attributes": {
                        "value": "5"
                    },
                    "item": [
                        {
                            "com": "1371",
                            "name": "Steep and Deep",
                            "starting": "200.02",
                            "overview": "<p>An all day tour of the mountain, where I'll show you many of my secret stashes.<\/p><p>Mauris tortor diam, congue fringilla bibendum at, scelerisque sed velit. Nunc vitae ante dui, non suscipit augue. Quisque feugiat elementum elit. Sed ac bibendum ligula. Duis nisi ante, lobortis eu sodales a, tristique quis sem. Etiam lacus purus, pellentesque sit amet condimentum in, malesuada eu erat. Etiam commodo iaculis tellus, sed tempor nisi molestie eu. Curabitur ornare orci a diam sodales dignissim. Donec ac mi molestie neque dictum porta. Pellentesque habitant morbi tristique senectus et netus et malesuada fames ac turpis egestas.<\/p><p>&nbsp;<\/p>",
                            "image": "https:\/\/s3.amazonaws.com\/rezgo\/74\/1371\/69049.jpg"
                        },
                        {
                            "com": "86210",
                            "name": "New York Sightseeing",
                            "starting": "110.00",
                            "overview": "<p>Lorem ipsum dolor sit amet, consetetur sadipscing elitr, sed diam nonumy eirmod tempor invidunt ut labore et dolore magna aliquyam erat, sed diam voluptua. Lorem ipsum dolor sit amet, consetetur sadipscing elitr, sed diam nonumy eirmod tempor invidunt ut labore et dolore magna aliquyam erat, sed diam voluptua.&nbsp;Lorem ipsum dolor sit amet, consetetur sadipscing elitr, sed diam nonumy eirmod tempor invidunt ut labore et dolore magna aliquyam erat, sed diam voluptua.&nbsp;<\/p>",
                            "image": "https:\/\/s3.amazonaws.com\/rezgo\/74\/86210\/257799.jpg"
                        },
                        {
                            "com": "3691",
                            "name": "Mountain Bike Radness",
                            "starting": "350.00",
                            "overview": "<p>Lorem ipsum dolor amet lomo bushwick farm-to-table, single-origin coffee chartreuse tbh lumbersexual authentic quinoa vaporware. Kogi squid migas keytar, cray ennui tumeric dreamcatcher everyday carry flexitarian activated charcoal ramps fixie taxidermy mlkshk. Small batch pour-over raw denim leggings. Vaporware air plant portland readymade gochujang bespoke pabst. Kinfolk schlitz PBR&amp;B quinoa art party tumblr keytar.<\/p><p>Banjo tacos post-ironic, twee put a bird on it ennui sartorial. Tumblr aesthetic ramps, meditation chicharrones raclette subway tile post-ironic brunch ugh semiotics kinfolk mustache bespoke. Church-key beard gastropub, tacos seitan health goth microdosing pok pok vape hot chicken unicorn. Celiac iPhone selfies, +1 chicharrones taiyaki church-key health goth craft beer.<\/p>",
                            "image": "https:\/\/s3.amazonaws.com\/rezgo\/74\/3691\/69059.jpg"
                        },
                        {
                            "com": "24131",
                            "name": "Whistler New Live",
                            "starting": {},
                            "overview": "<p>heliskiing in Whistler<\/p>",
                            "image": "https:\/\/s3.amazonaws.com\/rezgo\/74\/24131\/69077.jpg"
                        },
                        {
                            "com": "35024",
                            "name": "Powder Rippin",
                            "starting": "123.00",
                            "overview": "<p>as close to flying as you'll ever get<\/p>"
                        }
                    ]
                }
            },
            "media": {
                "@attributes": {
                    "value": "5"
                },
                "image": [
                    {
                        "path": "https:\/\/s3.amazonaws.com\/rezgo\/74\/975\/69044.jpg"
                    },
                    {
                        "path": "https:\/\/s3.amazonaws.com\/rezgo\/74\/975\/69045.jpg"
                    },
                    {
                        "path": "https:\/\/s3.amazonaws.com\/rezgo\/74\/975\/69046.jpg"
                    },
                    {
                        "path": "https:\/\/s3.amazonaws.com\/rezgo\/74\/975\/69047.jpg"
                    },
                    {
                        "path": "https:\/\/s3.amazonaws.com\/rezgo\/74\/975\/69048.jpg"
                    }
                ]
            },
            "updated": "1589905857",
            "cid": "74"
        },
        {
            "num": "2",
            "uid": "1061",
            "com": "1061",
            "rating": "3.00",
            "rating_count": "1",
            "provider": "290",
            "item": "Alpine Expedition",
            "option": "The tourist route",
            "code": "5698",
            "time": "5:30 PM",
            "availability_type": "date",
            "start_date": "11",
            "end_date": "1767168000",
            "tags": "special,,climbing,mountaineering,expedition,bundle",
            "starting": "0.02",
            "group": "require",
            "per": {},
            "cutoff": "0",
            "cancel": {},
            "duration": "2.5 hours",
            "date_selection": "always",
            "spaces": "0",
            "currency_symbol": "CA $",
            "currency_separator": ",",
            "currency_decimals": "2",
            "currency_base": "CAD",
            "location_name": "My Place?",
            "location_address": "301-337 10th St E, North Vancouver, BC, Canada",
            "city": "North Vancouver",
            "state": "BC",
            "country": "CA",
            "lat": "49.3168",
            "lon": "-123.06578",
            "zoom": "13",
            "map_type": "HYBRID",
            "line_items": {
                "line_item": [
                    {
                        "label": "Taxes and Fees",
                        "amount": "0",
                        "percent": "8.1",
                        "multi": {},
                        "meta": {},
                        "tax": "1"
                    },
                    {
                        "label": "Service fee",
                        "amount": "5",
                        "percent": {},
                        "multi": {},
                        "meta": {},
                        "tax": {}
                    },
                    {
                        "label": "Booking Fee",
                        "amount": "0.25",
                        "percent": "5",
                        "multi": {},
                        "meta": {},
                        "tax": {}
                    }
                ]
            },
            "details": {
                "overview": "<p>Mount Everest, rising 8,850m (29,035ft) above sea level reigns as the highest mountain on Earth. Since the first ascent in 1953 by Edmond Hillary and Tenzing Norgay, reaching the summit of Everest has been considered one of the greatest achievements in <em>Mountaineering<\/em>. DUDE?<\/p>",
                "highlights": "<p>Because it's there &hellip;<\/p>",
                "itinerary": "<ol><li>arrive at base camp<\/li><li>climb your butt off<\/li><li>snap a summit photo<\/li><li>post to Instagram, Facebook &amp; Twitter<\/li><li>slide down to the bottom<\/li><\/ol>",
                "pick_up": {},
                "drop_off": "<p>Nirvana<\/p>",
                "bring": "<ul><li>mittens<\/li><li>hot chocolate<\/li><li>defibrilator<\/li><li>iPad<\/li><li>electric blankie<\/li><\/ul>",
                "inclusions": "<ul><li>hammers<\/li><li>nails<\/li><li>wood<\/li><li>glue<\/li><li>human hair<\/li><\/ul>",
                "exclusions": "<p>what you don't want anyway &reg;<\/p>",
                "checkin": {},
                "cancellation": "<p>If I cancel the tour you will be the first to know... well I guess technically speaking I'll know before you or I wouldn't be able to tell you now would I?<\/p>",
                "description_name": "Additional Info",
                "description": "<p>With over 50 years of guiding experience on Everest, we are in an elite and perhaps, lone category in our ability to present qualified climbers with a truly rewarding experience on Everest. As you read through our Everest web pages, you will find a wealth of information, rationale for decisions, and why after five decades, we stand behind our method more than ever. Quality, safety and summit success are our three primary goals each and every time we launch an Everest expedition.<\/p>",
                "specifications": {
                    "specification": [
                        {
                            "name": "Tour Type",
                            "value": "Snowboarding"
                        },
                        {
                            "name": "Music",
                            "value": "Classical"
                        },
                        {
                            "name": "Radness Level",
                            "value": "Off the charts dude!"
                        },
                        {
                            "name": "Alternate URL",
                            "value": "rezgo.com"
                        }
                    ]
                }
            },
            "waiver": "1",
            "pick_up_locations": "1",
            "seo": {
                "seo_title": {},
                "introduction": "Why climb Everest? So you can post it to Instagram of course."
            },
            "related": {
                "items": {
                    "@attributes": {
                        "value": "4"
                    },
                    "item": [
                        {
                            "com": "975",
                            "name": "Hard Rock Climbing Tour",
                            "starting": "110.00",
                            "overview": "<ul><li>A Yosemite tour is an excellent complement to your visit to the planet. Our tours are conducted in environmentally friendly biodiesel helicopters. We use a small-group format to make the expericence more personal. The Hard Rock Climbing Tour focuses on the features and highlights such as Half Dome, El Capitan and waterfalls like Bridalveil Falls and the incredible cascades of Yosemite Falls.<\/li><li>and something else<\/li><\/ul>",
                            "image": "https:\/\/s3.amazonaws.com\/rezgo\/74\/975\/69044.jpg"
                        },
                        {
                            "com": "1371",
                            "name": "Steep and Deep",
                            "starting": "200.02",
                            "overview": "<p>An all day tour of the mountain, where I'll show you many of my secret stashes.<\/p><p>Mauris tortor diam, congue fringilla bibendum at, scelerisque sed velit. Nunc vitae ante dui, non suscipit augue. Quisque feugiat elementum elit. Sed ac bibendum ligula. Duis nisi ante, lobortis eu sodales a, tristique quis sem. Etiam lacus purus, pellentesque sit amet condimentum in, malesuada eu erat. Etiam commodo iaculis tellus, sed tempor nisi molestie eu. Curabitur ornare orci a diam sodales dignissim. Donec ac mi molestie neque dictum porta. Pellentesque habitant morbi tristique senectus et netus et malesuada fames ac turpis egestas.<\/p><p>&nbsp;<\/p>",
                            "image": "https:\/\/s3.amazonaws.com\/rezgo\/74\/1371\/69049.jpg"
                        },
                        {
                            "com": "72425",
                            "name": "Holy Cow Man",
                            "starting": "6060.00",
                            "overview": "<p>Tribal knowledge we want to empower the team with the right tools and guidance to uplevel our craft and build better nor high touch client and i have a hard stop in an hour and half radical candor. Loop back we have put the apim bol, temporarily so that we can later put the monitors on game-plan can you put it into a banner that is not alarming, but eye catching and not too giant let's put a pin in that. Quantity. Crisp ppt bench mark teams were able to drive adoption and awareness 360 degree content marketing pool for slow-walk our commitment circle back.<\/p>",
                            "image": "https:\/\/s3.amazonaws.com\/rezgo\/74\/72425\/92810.jpg"
                        },
                        {
                            "com": "35024",
                            "name": "Powder Rippin",
                            "starting": "123.00",
                            "overview": "<p>as close to flying as you'll ever get<\/p>"
                        }
                    ]
                }
            },
            "media": {
                "@attributes": {
                    "value": "5"
                },
                "image": [
                    {
                        "path": "https:\/\/s3.amazonaws.com\/rezgo\/74\/1061\/69054.jpg",
                        "caption": "caption 1 ... BIG spray"
                    },
                    {
                        "path": "https:\/\/s3.amazonaws.com\/rezgo\/74\/1061\/69055.jpg"
                    },
                    {
                        "path": "https:\/\/s3.amazonaws.com\/rezgo\/74\/1061\/69056.jpg",
                        "caption": "caption 3 - black & white"
                    },
                    {
                        "path": "https:\/\/s3.amazonaws.com\/rezgo\/74\/1061\/69057.jpg"
                    },
                    {
                        "path": "https:\/\/s3.amazonaws.com\/rezgo\/74\/1061\/69058.jpg",
                        "caption": "caption 5 - big floater"
                    }
                ]
            },
            "updated": "1591934093",
            "cid": "74"
        },
        {
            "num": "3",
            "uid": "1371",
            "com": "1371",
            "rating": "4.00",
            "rating_count": "1",
            "provider": "488",
            "item": "Steep and Deep",
            "option": "1 day Cat Boarding",
            "code": {},
            "time": {},
            "availability_type": "date",
            "start_date": "11",
            "end_date": "1767168000",
            "tags": "special,snowboarding,mountains,,bundle,booknow,abc123",
            "starting": "200.02",
            "group": "request",
            "per": {},
            "cutoff": "7",
            "cancel": {},
            "duration": {},
            "date_selection": "always",
            "spaces": "0",
            "currency_symbol": "CA $",
            "currency_separator": ",",
            "currency_decimals": "2",
            "currency_base": "CAD",
            "location_name": "Lynn Valley",
            "location_address": "1277 Lynn Valley Rd, North Vancouver, BC, Canada",
            "city": "North Vancouver",
            "state": "BC",
            "country": "CA",
            "lat": "49.33695",
            "lon": "-123.03829",
            "zoom": "14",
            "map_type": "ROADMAP",
            "line_items": {
                "line_item": [
                    {
                        "label": "flat fee",
                        "amount": "0",
                        "percent": {},
                        "multi": "10",
                        "meta": ".05",
                        "tax": {}
                    },
                    {
                        "label": "Booking Fee",
                        "amount": "0",
                        "percent": "5",
                        "multi": {},
                        "meta": {},
                        "tax": {}
                    }
                ]
            },
            "details": {
                "overview": "<p>An all day tour of the mountain, where I'll show you many of my secret stashes.<\/p><p>Mauris tortor diam, congue fringilla bibendum at, scelerisque sed velit. Nunc vitae ante dui, non suscipit augue. Quisque feugiat elementum elit. Sed ac bibendum ligula. Duis nisi ante, lobortis eu sodales a, tristique quis sem. Etiam lacus purus, pellentesque sit amet condimentum in, malesuada eu erat. Etiam commodo iaculis tellus, sed tempor nisi molestie eu. Curabitur ornare orci a diam sodales dignissim. Donec ac mi molestie neque dictum porta. Pellentesque habitant morbi tristique senectus et netus et malesuada fames ac turpis egestas.<\/p><p>&nbsp;<\/p>",
                "highlights": "<p><strong>HIGH<\/strong> lights man!<\/p>",
                "itinerary": "<p>Show up and have fun<\/p>",
                "pick_up": "<p>At the mountain base<\/p>",
                "drop_off": {},
                "bring": {},
                "inclusions": {},
                "exclusions": {},
                "checkin": {},
                "cancellation": {},
                "description_name": "Video",
                "description": "<p><video poster=\"http:\/\/s3.amazonaws.com\/rezgo\/74\/media\/brian-jimmy.jpg\" controls=\"controls\" width=\"500\" height=\"250\"><source src=\"http:\/\/s3.amazonaws.com\/rezgo\/74\/media\/Jimmy &amp; Brian (52A66E48-98F0-436C-9A7F-508080ACFC18).mp4\" type=\"video\/mp4\" \/><\/video><\/p><p>Mauris tortor diam, congue fringilla bibendum at, scelerisque sed velit. Nunc vitae ante dui, non suscipit augue. Quisque feugiat elementum elit. Sed ac bibendum ligula. Duis nisi ante, lobortis eu sodales a, tristique quis sem. Etiam lacus purus, pellentesque sit amet condimentum in, malesuada eu erat. Etiam commodo iaculis tellus, sed tempor nisi molestie eu. Curabitur ornare orci a diam sodales dignissim. Donec ac mi molestie neque dictum porta. Pellentesque habitant morbi tristique senectus et netus et malesuada fames ac turpis egestas.<\/p>",
                "specifications": {
                    "specification": [
                        {
                            "name": "Tour Type",
                            "value": "Snowboarding"
                        },
                        {
                            "name": "Music",
                            "value": "Jazz"
                        }
                    ]
                }
            },
            "waiver": "1",
            "seo": {
                "seo_title": {},
                "introduction": "In pursuit of the fluffy white stuff while standing sideways. Go man go! SEO!!"
            },
            "cross": {
                "title": "Return Trip",
                "desc": "yo what's up?",
                "items": {
                    "@attributes": {
                        "value": "1"
                    },
                    "item": {
                        "com": "975",
                        "name": "Hard Rock Climbing Tour",
                        "starting": "110.00",
                        "overview": "<ul><li>A Yosemite tour is an excellent complement to your visit to the planet. Our tours are conducted in environmentally friendly biodiesel helicopters. We use a small-group format to make the expericence more personal. The Hard Rock Climbing Tour focuses on the features and highlights such as Half Dome, El Capitan and waterfalls like Bridalveil Falls and the incredible cascades of Yosemite Falls.<\/li><li>and something else<\/li><\/ul>",
                        "image": "https:\/\/s3.amazonaws.com\/rezgo\/74\/975\/69044.jpg"
                    }
                }
            },
            "related": {
                "items": {
                    "@attributes": {
                        "value": "3"
                    },
                    "item": [
                        {
                            "com": "975",
                            "name": "Hard Rock Climbing Tour",
                            "starting": "110.00",
                            "overview": "<ul><li>A Yosemite tour is an excellent complement to your visit to the planet. Our tours are conducted in environmentally friendly biodiesel helicopters. We use a small-group format to make the expericence more personal. The Hard Rock Climbing Tour focuses on the features and highlights such as Half Dome, El Capitan and waterfalls like Bridalveil Falls and the incredible cascades of Yosemite Falls.<\/li><li>and something else<\/li><\/ul>",
                            "image": "https:\/\/s3.amazonaws.com\/rezgo\/74\/975\/69044.jpg"
                        },
                        {
                            "com": "1061",
                            "name": "Alpine Expedition",
                            "starting": "0.02",
                            "overview": "<p>Mount Everest, rising 8,850m (29,035ft) above sea level reigns as the highest mountain on Earth. Since the first ascent in 1953 by Edmond Hillary and Tenzing Norgay, reaching the summit of Everest has been considered one of the greatest achievements in <em>Mountaineering<\/em>. DUDE?<\/p>",
                            "image": "https:\/\/s3.amazonaws.com\/rezgo\/74\/1061\/69054.jpg"
                        },
                        {
                            "com": "35024",
                            "name": "Powder Rippin",
                            "starting": "123.00",
                            "overview": "<p>as close to flying as you'll ever get<\/p>"
                        }
                    ]
                }
            },
            "media": {
                "@attributes": {
                    "value": "5"
                },
                "image": [
                    {
                        "path": "https:\/\/s3.amazonaws.com\/rezgo\/74\/1371\/69049.jpg"
                    },
                    {
                        "path": "https:\/\/s3.amazonaws.com\/rezgo\/74\/1371\/69050.jpg"
                    },
                    {
                        "path": "https:\/\/s3.amazonaws.com\/rezgo\/74\/1371\/69051.jpg"
                    },
                    {
                        "path": "https:\/\/s3.amazonaws.com\/rezgo\/74\/1371\/69052.jpg"
                    },
                    {
                        "path": "https:\/\/s3.amazonaws.com\/rezgo\/74\/1371\/69053.jpg"
                    }
                ]
            },
            "updated": "1591936928",
            "cid": "74"
        },
        {
            "num": "4",
            "uid": "85869",
            "com": "70273",
            "rating": "3.60",
            "rating_count": "10",
            "provider": "293",
            "item": "My other TOUR",
            "option": "morning option",
            "code": "FreeformCode",
            "time": "10:30 AM",
            "availability_type": "open",
            "expiry": "10",
            "tags": "mine,not,yours",
            "starting": "40.00",
            "group": "request_name",
            "per": {},
            "cutoff": "0",
            "cancel": {},
            "duration": "2 hours",
            "date_selection": "number",
            "spaces": "0",
            "currency_symbol": "CA $",
            "currency_separator": ",",
            "currency_decimals": "2",
            "currency_base": "CAD",
            "location_name": "North Vancouver",
            "location_address": "North Vancouver, BC, Canada",
            "city": "North Vancouver",
            "state": "BC",
            "country": "CA",
            "lat": "49.31667",
            "lon": "-123.06667",
            "zoom": "14",
            "map_type": "ROADMAP",
            "line_items": {
                "line_item": [
                    {
                        "label": "booking fee",
                        "amount": "0",
                        "percent": "5",
                        "multi": {},
                        "meta": {},
                        "tax": {}
                    },
                    {
                        "label": "service charge",
                        "amount": "10.00",
                        "percent": {},
                        "multi": {},
                        "meta": {},
                        "tax": {}
                    },
                    {
                        "label": "Booking Fee",
                        "amount": "0.5",
                        "percent": "5",
                        "multi": {},
                        "meta": {},
                        "tax": {}
                    }
                ]
            },
            "details": {
                "overview": "<p>Man-of-war jack case shot spike scallywag spyglass reef bilged on her anchor gibbet lass. Bucko pressgang dance the hempen jig jolly boat black spot nipper chantey code of conduct booty swing the lead. Plate Fleet furl heave to swab driver topmast avast starboard no prey, no pay holystone.<\/p>",
                "highlights": {},
                "itinerary": "<p>my itinerary<\/p>",
                "pick_up": "<p>this is the pickup field<\/p>",
                "drop_off": {},
                "bring": "<p>what should I bring?<\/p>",
                "inclusions": "<p>what's included?<\/p>",
                "exclusions": "<p>what ain't included?<\/p>",
                "checkin": {},
                "cancellation": "<p>don't cancel<\/p>",
                "description_name": "Custom Label",
                "description": "<p>Lorem ipsum. Put HTML here. <strong>Bold.<\/strong> <em>Italic.<\/em><\/p>",
                "specifications": {
                    "specification": [
                        {
                            "name": "Tour Type",
                            "value": "Other"
                        },
                        {
                            "name": "Music",
                            "value": "Alternative"
                        },
                        {
                            "name": "Radness Level",
                            "value": "super rad"
                        }
                    ]
                }
            },
            "waiver": "1",
            "pick_up_locations": "1",
            "seo": {
                "seo_title": "This is an SEO title",
                "introduction": "And a meta description"
            },
            "media": {
                "@attributes": {
                    "value": "5"
                },
                "image": [
                    {
                        "path": "https:\/\/s3.amazonaws.com\/rezgo\/74\/70273\/75009.jpg"
                    },
                    {
                        "path": "https:\/\/s3.amazonaws.com\/rezgo\/74\/70273\/75007.jpg"
                    },
                    {
                        "path": "https:\/\/s3.amazonaws.com\/rezgo\/74\/70273\/75008.jpg"
                    },
                    {
                        "path": "https:\/\/s3.amazonaws.com\/rezgo\/74\/70273\/75055.jpg"
                    },
                    {
                        "path": "https:\/\/s3.amazonaws.com\/rezgo\/74\/70273\/75057.jpg"
                    }
                ]
            },
            "updated": "1591936973",
            "cid": "74"
        },
        {
            "num": "5",
            "uid": "86210",
            "com": "86210",
            "item": "New York Sightseeing",
            "option": "10 AM meet up",
            "code": {},
            "time": "10:00 AM",
            "availability_type": "date",
            "start_date": "11",
            "end_date": "1767168000",
            "tags": "new york,walking,tour",
            "starting": "110.00",
            "group": "request_name",
            "per": {},
            "cutoff": "24",
            "cancel": {},
            "checkin_time": "9:45 AM",
            "duration": "1 hour",
            "date_selection": "always",
            "spaces": "0",
            "currency_symbol": "CA $",
            "currency_separator": ",",
            "currency_decimals": "2",
            "currency_base": "CAD",
            "location_name": "New York",
            "location_address": "New York, NY, USA",
            "city": "New York",
            "state": "NY",
            "country": "US",
            "lat": "40.71278",
            "lon": "-74.00597",
            "zoom": "14",
            "map_type": "ROADMAP",
            "line_items": {
                "line_item": {
                    "label": "Booking Fee",
                    "amount": "0",
                    "percent": "5",
                    "multi": {},
                    "meta": {},
                    "tax": {}
                }
            },
            "details": {
                "overview": "<p>Lorem ipsum dolor sit amet, consetetur sadipscing elitr, sed diam nonumy eirmod tempor invidunt ut labore et dolore magna aliquyam erat, sed diam voluptua. Lorem ipsum dolor sit amet, consetetur sadipscing elitr, sed diam nonumy eirmod tempor invidunt ut labore et dolore magna aliquyam erat, sed diam voluptua.&nbsp;Lorem ipsum dolor sit amet, consetetur sadipscing elitr, sed diam nonumy eirmod tempor invidunt ut labore et dolore magna aliquyam erat, sed diam voluptua.&nbsp;<\/p>",
                "highlights": "<p>Highlights<\/p>",
                "itinerary": "<p>Itinerary<\/p>",
                "pick_up": "<p>Pickup<\/p>",
                "drop_off": {},
                "bring": {},
                "inclusions": {},
                "exclusions": {},
                "checkin": {},
                "cancellation": {},
                "description_name": "Other stuff",
                "description": "<p>Yippee!!<\/p>",
                "specifications": {
                    "specification": [
                        {
                            "name": "Tour Type",
                            "value": "Snowboarding"
                        },
                        {
                            "name": "Radness Level",
                            "value": "11"
                        }
                    ]
                }
            },
            "waiver": "1",
            "seo": {
                "seo_title": {},
                "introduction": {}
            },
            "media": {
                "@attributes": {
                    "value": "4"
                },
                "image": [
                    {
                        "path": "https:\/\/s3.amazonaws.com\/rezgo\/74\/86210\/257799.jpg"
                    },
                    {
                        "path": "https:\/\/s3.amazonaws.com\/rezgo\/74\/86210\/257800.jpg"
                    },
                    {
                        "path": "https:\/\/s3.amazonaws.com\/rezgo\/74\/86210\/257801.jpg"
                    },
                    {
                        "path": "https:\/\/s3.amazonaws.com\/rezgo\/74\/86210\/257802.jpg"
                    }
                ]
            },
            "updated": "1591937723",
            "cid": "74"
        },
        {
            "num": "6",
            "uid": "70233",
            "com": "3691",
            "rating": "4.00",
            "rating_count": "1",
            "provider": "293",
            "item": "Mountain Bike Radness",
            "option": "Red Bull Rampage",
            "code": {},
            "time": {},
            "availability_type": "date",
            "start_date": "11",
            "end_date": "1767168000",
            "tags": "lifestyle tours,adventure,john,",
            "starting": "350.00",
            "group": "request_name",
            "per": {},
            "cutoff": "24",
            "cancel": {},
            "duration": {},
            "date_selection": "always",
            "spaces": "0",
            "currency_symbol": "CA $",
            "currency_separator": ",",
            "currency_decimals": "2",
            "currency_base": "CAD",
            "location_name": "Mt Seymour",
            "location_address": "3344 Mt Seymour Pkwy, North Vancouver, BC, Canada",
            "city": "North Vancouver",
            "state": "BC",
            "country": "CA",
            "lat": "49.31572",
            "lon": "-122.97915",
            "zoom": "14",
            "map_type": "ROADMAP",
            "line_items": {
                "line_item": {
                    "label": "Booking Fee",
                    "amount": "0",
                    "percent": "5",
                    "multi": {},
                    "meta": {},
                    "tax": {}
                }
            },
            "details": {
                "overview": "<p>Lorem ipsum dolor amet lomo bushwick farm-to-table, single-origin coffee chartreuse tbh lumbersexual authentic quinoa vaporware. Kogi squid migas keytar, cray ennui tumeric dreamcatcher everyday carry flexitarian activated charcoal ramps fixie taxidermy mlkshk. Small batch pour-over raw denim leggings. Vaporware air plant portland readymade gochujang bespoke pabst. Kinfolk schlitz PBR&amp;B quinoa art party tumblr keytar.<\/p><p>Banjo tacos post-ironic, twee put a bird on it ennui sartorial. Tumblr aesthetic ramps, meditation chicharrones raclette subway tile post-ironic brunch ugh semiotics kinfolk mustache bespoke. Church-key beard gastropub, tacos seitan health goth microdosing pok pok vape hot chicken unicorn. Celiac iPhone selfies, +1 chicharrones taiyaki church-key health goth craft beer.<\/p>",
                "highlights": {},
                "itinerary": "<p>itinerary<\/p>",
                "pick_up": "<p>pickup<\/p>",
                "drop_off": "<p>drop off<\/p>",
                "bring": "<p>stuff<\/p>",
                "inclusions": {},
                "exclusions": "<p>exclusions<\/p>",
                "checkin": {},
                "cancellation": "<p>don't cancel<\/p>",
                "description_name": "This Field",
                "description": "<p>stuffity stuff<\/p>"
            },
            "waiver": "0",
            "seo": {
                "seo_title": "Mountain biking is SOOOOO Rad!",
                "introduction": "I want to ride my bicycle"
            },
            "media": {
                "@attributes": {
                    "value": "6"
                },
                "image": [
                    {
                        "path": "https:\/\/s3.amazonaws.com\/rezgo\/74\/3691\/69059.jpg"
                    },
                    {
                        "path": "https:\/\/s3.amazonaws.com\/rezgo\/74\/3691\/69060.jpg"
                    },
                    {
                        "path": "https:\/\/s3.amazonaws.com\/rezgo\/74\/3691\/69061.jpg"
                    },
                    {
                        "path": "https:\/\/s3.amazonaws.com\/rezgo\/74\/3691\/69062.jpg"
                    },
                    {
                        "path": "https:\/\/s3.amazonaws.com\/rezgo\/74\/3691\/69063.jpg"
                    },
                    {
                        "path": "https:\/\/s3.amazonaws.com\/rezgo\/74\/3691\/69064.jpg"
                    }
                ]
            },
            "updated": "1570050241",
            "cid": "74"
        },
        {
            "num": "7",
            "uid": "76195",
            "com": "72425",
            "item": "Holy Cow Man",
            "option": "Where's the Beef!",
            "code": {},
            "time": "3:45 PM",
            "availability_type": "date",
            "start_date": "11",
            "end_date": "1767168000",
            "tags": "activity,adventure,snow,john",
            "starting": "6060.00",
            "group": "request_name",
            "per": {},
            "cutoff": "0",
            "cancel": {},
            "duration": "1 hour",
            "date_selection": "always",
            "spaces": "0",
            "currency_symbol": "CA $",
            "currency_separator": ",",
            "currency_decimals": "2",
            "currency_base": "CAD",
            "location_name": {},
            "location_address": "1455 Quebec St, Vancouver, BC, Canada",
            "city": "Vancouver",
            "state": "BC",
            "country": "CA",
            "lat": "49.27373",
            "lon": "-123.1049",
            "zoom": "13",
            "map_type": "ROADMAP",
            "line_items": {
                "line_item": [
                    {
                        "label": "flat",
                        "amount": "0",
                        "percent": {},
                        "multi": "25",
                        "meta": {},
                        "tax": {}
                    },
                    {
                        "label": "Booking Fee",
                        "amount": "0",
                        "percent": "5",
                        "multi": {},
                        "meta": {},
                        "tax": {}
                    }
                ]
            },
            "details": {
                "overview": "<p>Tribal knowledge we want to empower the team with the right tools and guidance to uplevel our craft and build better nor high touch client and i have a hard stop in an hour and half radical candor. Loop back we have put the apim bol, temporarily so that we can later put the monitors on game-plan can you put it into a banner that is not alarming, but eye catching and not too giant let's put a pin in that. Quantity. Crisp ppt bench mark teams were able to drive adoption and awareness 360 degree content marketing pool for slow-walk our commitment circle back.<\/p>",
                "highlights": "<p>Tour highlights<\/p>",
                "itinerary": "<p>Itinerary<\/p>",
                "pick_up": "<p>Pickup<\/p>",
                "drop_off": "<p>Drop Off<\/p>",
                "bring": "<p>Things to Bring<\/p>",
                "inclusions": "<p>Inclusions<\/p>",
                "exclusions": "<p>Exclusions<\/p>",
                "checkin": {},
                "cancellation": "<p>Cancel<span class=\"none-xs\">&nbsp;Policy<\/span><\/p>",
                "description_name": "Additional Info",
                "description": "<p><iframe src=\"\/\/www.youtube.com\/embed\/M8vHmlM5zOY\" width=\"560\" height=\"315\" frameborder=\"0\" allowfullscreen=\"allowfullscreen\"><\/iframe> <iframe src=\"\/\/player.vimeo.com\/video\/97179479\" width=\"500\" height=\"281\" frameborder=\"0\" allowfullscreen=\"allowfullscreen\"><\/iframe><\/p>"
            },
            "waiver": "1",
            "seo": {
                "seo_title": {},
                "introduction": "Yet another snowboard tour. "
            },
            "media": {
                "@attributes": {
                    "value": "6"
                },
                "image": [
                    {
                        "path": "https:\/\/s3.amazonaws.com\/rezgo\/74\/72425\/92810.jpg"
                    },
                    {
                        "path": "https:\/\/s3.amazonaws.com\/rezgo\/74\/72425\/92811.jpg"
                    },
                    {
                        "path": "https:\/\/s3.amazonaws.com\/rezgo\/74\/72425\/92812.jpg"
                    },
                    {
                        "path": "https:\/\/s3.amazonaws.com\/rezgo\/74\/72425\/92813.jpg"
                    },
                    {
                        "path": "https:\/\/s3.amazonaws.com\/rezgo\/74\/72425\/92814.jpg"
                    },
                    {
                        "path": "https:\/\/s3.amazonaws.com\/rezgo\/74\/72425\/92815.jpg"
                    }
                ]
            },
            "updated": "1591937812",
            "cid": "74"
        },
        {
            "num": "8",
            "uid": "35024",
            "com": "35024",
            "provider": "292",
            "item": "Powder Rippin",
            "option": "Group Tour",
            "code": {},
            "time": {},
            "availability_type": "date",
            "start_date": "11",
            "end_date": "1767168000",
            "tags": "adventure,powder,snowboarding,that was awesome",
            "starting": "123.00",
            "group": "request_name",
            "per": {},
            "cutoff": "0",
            "cancel": {},
            "duration": {},
            "date_selection": "always",
            "spaces": "0",
            "currency_symbol": "CA $",
            "currency_separator": ",",
            "currency_decimals": "2",
            "currency_base": "CAD",
            "location_name": {},
            "location_address": {},
            "city": "Whistler",
            "state": "BC",
            "country": "ca",
            "lat": "50.09333",
            "lon": "-122.87418",
            "zoom": "14",
            "map_type": "ROADMAP",
            "line_items": {
                "line_item": {
                    "label": "Booking Fee",
                    "amount": "0",
                    "percent": "5",
                    "multi": {},
                    "meta": {},
                    "tax": {}
                }
            },
            "details": {
                "overview": "<p>as close to flying as you'll ever get<\/p>",
                "highlights": {},
                "itinerary": "<p>rip it up<\/p>",
                "pick_up": "<p>someday<\/p>",
                "drop_off": {},
                "bring": {},
                "inclusions": {},
                "exclusions": {},
                "checkin": {},
                "cancellation": {},
                "description_name": "Additional Info",
                "description": {}
            },
            "waiver": "0",
            "seo": {
                "seo_title": {},
                "introduction": "Cherry Cherry Pow Pow"
            },
            "media": {
                "@attributes": {
                    "value": "0"
                },
                "0": "\n\t"
            },
            "updated": "1553733996",
            "cid": "74"
        }
    ],
    "v": "latest",
    "gt": "0.07699"
}